User:,Date:,IP:,Hostname:,Description:
jjksdf,27.10.2020,10.35.16.124,HSTDFEWPEW,Described what doing
vcvsd,27.10.2020,10.35.16.125,DEFDSDSD0101010,Described what doing not
unknown,27.10.2020,10.35.16.126,dsfsadf,Nope
jjksdf,27.10.2020,10.35.16.127,ECCCdfdsfa,difda
vcvsd,27.10.2020,10.35.16.128,WER235,weeeeeee
unknown,27.10.2020,10.35.16.129,9864odos,well maybe not
jjksdf,27.10.2020,10.35.16.130,dpPO0i,let's see what this 
vcvsd,27.10.2020,10.35.16.131,EFGT3,can do
jjksdf,27.10.2020,10.35.16.132,KEscc2,and what
unknown,27.10.2020,10.35.16.133,SCCMk1123,can not
vcvsd,27.10.2020,10.35.16.134,0909ddfda,surely there
jjksdf,27.10.2020,10.35.16.135,PODPDPDPD2m,are some
unknown,27.10.2020,10.35.16.136,09fdsas,limits
